Juan,Perez,juan@gmail.com,12345,asd.456,2017-01-01,Masculino,2,1|2|,img/vegeta.jpg
Pedro,Martinez,asdas,assdf,sdfsd,2017-01-01,Masculino,4,1|,img/gohan.jpg
Pedro,Martinez,asdas,assdf,sdfsd,2017-01-01,Masculino,4,1|,img/gohan.jpg
Maria,Rodriguez,maria@gmail.com,234234,asd.456,2017-03-18,Femenino,3,1|2|3|,img/goku.jpg
Maria,Rodriguez,maria@gmail.com,234234,asd.456,2017-03-18,Femenino,3,1|2|3|,img/goku.jpg
Luis,Gimenez,luis@gmail.ciom,123,asd.456,2017-03-10,Masculino,2,1|2|,img/gohan.jpg
Luis2,Gimenez,luis@gmail.ciom,123,asdas,2017-03-10,Masculino,2,1|2|,img/trunks.jpg
Luis3,Gimenez,luis@gmail.ciom,123,asdas,2017-03-10,Masculino,2,1|2|,img/vegeta.jpg
Juan,Lainez,juan@gmail.com,2342,sfsd,2017-01-01,Masculino,3,3|,img/trunks.jpg
Juan,Lainez,juan@gmail.com,2342,,2017-01-01,Masculino,3,3|,img/trunks.jpg
Juan,Lainez,juan@gmail.com,2342,,2017-01-01,Masculino,3,3|,img/trunks.jpg
Juan,Lainez,juan@gmail.com,2342,,2017-01-01,Masculino,3,3|,img/trunks.jpg
Juan,Lainez,juan@gmail.com,2342,,2017-01-01,Masculino,3,3|,img/trunks.jpg
Juan,Lainez,juan@gmail.com,2342,,2017-01-01,Masculino,3,3|,img/trunks.jpg
Juan,Lainez,juan@gmail.com,2342,,2017-01-01,Masculino,3,3|,img/goku.jpg
asdfasd,asdf,fsadfas,dfasd,fsadf,2017-03-18,Masculino,4,2|,img/gohan.jpg
asdfasd,asdf,fsadfas,dfasd,fsadf,2017-03-18,Masculino,4,2|,img/gohan.jpg
asdfasd,asdf,fsadfas,dfasd,fsadf,2017-03-18,Masculino,4,2|,img/gohan.jpg
asdfasd,asdf,fsadfas,dfasd,fsadf,2017-03-18,Masculino,4,2|,img/gohan.jpg
asdfasd,asdf,fsadfas,dfasd,fsadf,2017-03-18,Masculino,4,2|,img/gohan.jpg
asdfasd,asdf,fsadfas,dfasd,fsadf,2017-03-18,Masculino,4,2|,img/gohan.jpg
asdfasd,asdf,fsadfas,dfasd,fsadf,2017-03-18,Masculino,4,2|,img/gohan.jpg
asdfasd,asdf,fsadfas,dfasd,fsadf,2017-03-18,Masculino,4,2|,img/gohan.jpg
asdfasd,asdf,fsadfas,dfasd,fsadf,2017-03-18,Masculino,4,2|,img/gohan.jpg
asdfasd,asdf,fsadfas,dfasd,fsadf,2017-03-18,Masculino,4,2|,img/gohan.jpg
asdfasd,asdf,fsadfas,dfasd,fsadf,2017-03-18,Masculino,4,2|,img/gohan.jpg
asdfasd,asdf,fsadfas,dfasd,fsadf,2017-03-18,Masculino,4,2|,img/gohan.jpg
asdfasd,asdf,fsadfas,dfasd,fsadf,2017-03-18,Masculino,4,2|,img/gohan.jpg
asdfasd,asdf,fsadfas,dfasd,fsadf,2017-03-18,Masculino,4,2|,img/gohan.jpg
